UNIXTIME,hash[ip.src.upper16],hash[ip.src.32],ip.dst.lower16,tcp.dport
1640962800.12,2fe1ec63c455bd46152926d283e91a8cc4a5fe4f471c27a56f825d046cdf8185,457d5c7b1a91d24d7747179ea793c009f509378781b7aaaa0c1748791b0108e0,100.1,23
1640962801.21,2d9e8afbdd75fd5a3be91f1fa290d4e43c90486a29519ceecd1ca5fd39dce22f,39825211c3134d68dd26708eb73fcad7c7fc3cf65b7a75e7fa8f9ab7c0c0c38e,100.101,2323
1640962802.21,1f5f57cbe46c479aef35f4dcb66d618c38d68fdc3739abe8b5e6fc0a5484c8fb,2ee37d765230eaa9f69a0508f0fc43589111b9e7c1a8ec26cd768d572defc1f6,101.1,80
1640962803.33,cf31089c853c78cfde5c57687cd3613288bd6ffc6c18dcf61a3a8cde7786d8bf,ea9eb9ad3e94e59103d4554332374c2fb19339ff5ba9e263e489edc6ce739f49,101.101,8080
1640962804.36,7f10d3eecd32bfb1c83b81238d42673b5c21b3c5533a6fa7ba7b5e2cf607430f,717aecfa766c462729db6b7443dbf928b61247142e3e575f9f4ba72a04420ff3,100.102,443
1640962805.12,2fe1ec63c455bd46152926d283e91a8cc4a5fe4f471c27a56f825d046cdf8185,457d5c7b1a91d24d7747179ea793c009f509378781b7aaaa0c1748791b0108e0,100.1,23
1640962806.21,2d9e8afbdd75fd5a3be91f1fa290d4e43c90486a29519ceecd1ca5fd39dce22f,39825211c3134d68dd26708eb73fcad7c7fc3cf65b7a75e7fa8f9ab7c0c0c38e,100.101,2323
1640962807.21,1f5f57cbe46c479aef35f4dcb66d618c38d68fdc3739abe8b5e6fc0a5484c8fb,2ee37d765230eaa9f69a0508f0fc43589111b9e7c1a8ec26cd768d572defc1f6,101.1,80
1640962808.33,cf31089c853c78cfde5c57687cd3613288bd6ffc6c18dcf61a3a8cde7786d8bf,ea9eb9ad3e94e59103d4554332374c2fb19339ff5ba9e263e489edc6ce739f49,101.101,8080
1640962809.36,7f10d3eecd32bfb1c83b81238d42673b5c21b3c5533a6fa7ba7b5e2cf607430f,717aecfa766c462729db6b7443dbf928b61247142e3e575f9f4ba72a04420ff3,100.102,443
1640962810.12,2fe1ec63c455bd46152926d283e91a8cc4a5fe4f471c27a56f825d046cdf8185,457d5c7b1a91d24d7747179ea793c009f509378781b7aaaa0c1748791b0108e0,100.1,23
1640962811.21,2d9e8afbdd75fd5a3be91f1fa290d4e43c90486a29519ceecd1ca5fd39dce22f,39825211c3134d68dd26708eb73fcad7c7fc3cf65b7a75e7fa8f9ab7c0c0c38e,100.101,2323
1640962812.21,1f5f57cbe46c479aef35f4dcb66d618c38d68fdc3739abe8b5e6fc0a5484c8fb,2ee37d765230eaa9f69a0508f0fc43589111b9e7c1a8ec26cd768d572defc1f6,101.1,80
1640962813.33,cf31089c853c78cfde5c57687cd3613288bd6ffc6c18dcf61a3a8cde7786d8bf,ea9eb9ad3e94e59103d4554332374c2fb19339ff5ba9e263e489edc6ce739f49,101.101,8080
1640962814.36,7f10d3eecd32bfb1c83b81238d42673b5c21b3c5533a6fa7ba7b5e2cf607430f,717aecfa766c462729db6b7443dbf928b61247142e3e575f9f4ba72a04420ff3,100.102,443
1640962815.12,2fe1ec63c455bd46152926d283e91a8cc4a5fe4f471c27a56f825d046cdf8185,457d5c7b1a91d24d7747179ea793c009f509378781b7aaaa0c1748791b0108e0,100.1,23
1640962816.21,2d9e8afbdd75fd5a3be91f1fa290d4e43c90486a29519ceecd1ca5fd39dce22f,39825211c3134d68dd26708eb73fcad7c7fc3cf65b7a75e7fa8f9ab7c0c0c38e,100.101,2323
1640962817.21,1f5f57cbe46c479aef35f4dcb66d618c38d68fdc3739abe8b5e6fc0a5484c8fb,2ee37d765230eaa9f69a0508f0fc43589111b9e7c1a8ec26cd768d572defc1f6,101.1,80
1640962818.33,cf31089c853c78cfde5c57687cd3613288bd6ffc6c18dcf61a3a8cde7786d8bf,ea9eb9ad3e94e59103d4554332374c2fb19339ff5ba9e263e489edc6ce739f49,101.101,8080
1640962819.36,7f10d3eecd32bfb1c83b81238d42673b5c21b3c5533a6fa7ba7b5e2cf607430f,717aecfa766c462729db6b7443dbf928b61247142e3e575f9f4ba72a04420ff3,100.102,443
1640962820.12,2fe1ec63c455bd46152926d283e91a8cc4a5fe4f471c27a56f825d046cdf8185,457d5c7b1a91d24d7747179ea793c009f509378781b7aaaa0c1748791b0108e0,100.1,23
1640962821.21,2d9e8afbdd75fd5a3be91f1fa290d4e43c90486a29519ceecd1ca5fd39dce22f,39825211c3134d68dd26708eb73fcad7c7fc3cf65b7a75e7fa8f9ab7c0c0c38e,100.101,2323
1640962822.21,1f5f57cbe46c479aef35f4dcb66d618c38d68fdc3739abe8b5e6fc0a5484c8fb,2ee37d765230eaa9f69a0508f0fc43589111b9e7c1a8ec26cd768d572defc1f6,101.1,80
1640962823.33,cf31089c853c78cfde5c57687cd3613288bd6ffc6c18dcf61a3a8cde7786d8bf,ea9eb9ad3e94e59103d4554332374c2fb19339ff5ba9e263e489edc6ce739f49,101.101,8080
1640962824.36,7f10d3eecd32bfb1c83b81238d42673b5c21b3c5533a6fa7ba7b5e2cf607430f,717aecfa766c462729db6b7443dbf928b61247142e3e575f9f4ba72a04420ff3,100.102,443
1640962825.12,2fe1ec63c455bd46152926d283e91a8cc4a5fe4f471c27a56f825d046cdf8185,457d5c7b1a91d24d7747179ea793c009f509378781b7aaaa0c1748791b0108e0,100.1,23
1640962826.21,2d9e8afbdd75fd5a3be91f1fa290d4e43c90486a29519ceecd1ca5fd39dce22f,39825211c3134d68dd26708eb73fcad7c7fc3cf65b7a75e7fa8f9ab7c0c0c38e,100.101,2323
1640962827.21,1f5f57cbe46c479aef35f4dcb66d618c38d68fdc3739abe8b5e6fc0a5484c8fb,2ee37d765230eaa9f69a0508f0fc43589111b9e7c1a8ec26cd768d572defc1f6,101.1,80
1640962828.33,cf31089c853c78cfde5c57687cd3613288bd6ffc6c18dcf61a3a8cde7786d8bf,ea9eb9ad3e94e59103d4554332374c2fb19339ff5ba9e263e489edc6ce739f49,101.101,8080
1640962829.36,7f10d3eecd32bfb1c83b81238d42673b5c21b3c5533a6fa7ba7b5e2cf607430f,717aecfa766c462729db6b7443dbf928b61247142e3e575f9f4ba72a04420ff3,100.102,443
